{"cameraMode":{"drawMode":0,"name":"Shaded","section":"Shading Mode"},"sceneLighting":false,"audioPlay":false,"sceneViewState":{"showFog":true,"showMaterialUpdate":false,"showSkybox":true,"showFlares":true,"showImageEffects":true,"showParticleSystems":true},"in2DMode":false,"pivot":{"x":-0.016925573348999025,"y":1.3787221908569337,"z":30.798583984375},"rotation":{"x":-0.408307820558548,"y":0.4645475447177887,"z":-0.2560274302959442,"w":-0.7431802153587341},"size":8.722569465637207,"orthographic":true}