{"cameraMode":{"drawMode":0,"name":"Shaded","section":"Shading Mode"},"sceneLighting":false,"audioPlay":false,"sceneViewState":{"showFog":true,"showMaterialUpdate":false,"showSkybox":false,"showFlares":true,"showImageEffects":true,"showParticleSystems":true},"in2DMode":false,"pivot":{"x":-0.016924381256103517,"y":1.673988938331604,"z":26.67466926574707},"rotation":{"x":0.008596936240792275,"y":0.9873581528663635,"z":-0.14801226556301118,"w":0.05815567821264267},"size":5.138156890869141,"orthographic":true}