{"cameraMode":{"drawMode":0,"name":"Shaded","section":"Shading Mode"},"sceneLighting":false,"audioPlay":false,"sceneViewState":{"showFog":true,"showMaterialUpdate":false,"showSkybox":false,"showFlares":true,"showImageEffects":true,"showParticleSystems":true},"in2DMode":false,"pivot":{"x":0.010387195274233818,"y":-0.00010869828838622198,"z":-0.405781626701355},"rotation":{"x":0.09125426411628723,"y":0.7357673645019531,"z":-0.10135537385940552,"w":0.6635432243347168},"size":1.6813998222351075,"orthographic":true}