{"cameraMode":{"drawMode":0,"name":"Shaded","section":"Shading Mode"},"sceneLighting":false,"audioPlay":false,"sceneViewState":{"showFog":true,"showMaterialUpdate":false,"showSkybox":false,"showFlares":true,"showImageEffects":true,"showParticleSystems":true},"in2DMode":false,"pivot":{"x":-0.9045811891555786,"y":0.7749999761581421,"z":38.92448425292969},"rotation":{"x":0.15446844696998597,"y":-0.19541290402412415,"z":0.03188212960958481,"w":0.9681113958358765},"size":0.01649998500943184,"orthographic":true}